Workbook

Sheet Dashboard
A1: DASHBOARD CURAH HUJAN & KONDISI ATMOSFER
A2: Parepare | Periode 1 Januari–31 Desember 2025 | Dataset simulasi untuk latihan analisis
A4: TOTAL CURAH HUJAN (mm) | D4: RATA-RATA SUHU (°C) | G4: RATA-RATA KELEMBAPAN (%) | J4: HARI HUJAN
A5: =SUM(Data!C2:C366) | D5: =AVERAGE(Data!D2:D366) | G5: =AVERAGE(Data!E2:E366) | J5: =COUNTIF(Data!C2:C366,">0")
A8: RINGKASAN BULANAN
A9: Bulan | B9: Total Curah Hujan (mm) | C9: Rata-rata Suhu (°C) | D9: Rata-rata Kelembapan (%) | E9: Hari Hujan | F9: Curah Hujan Maksimum (mm)
A10: ='Ringkasan Bulanan'!A2 | B10: ='Ringkasan Bulanan'!B2 | C10: ='Ringkasan Bulanan'!C2 | D10: ='Ringkasan Bulanan'!D2 | E10: ='Ringkasan Bulanan'!E2 | F10: ='Ringkasan Bulanan'!F2
A11: ='Ringkasan Bulanan'!A3 | B11: ='Ringkasan Bulanan'!B3 | C11: ='Ringkasan Bulanan'!C3 | D11: ='Ringkasan Bulanan'!D3 | E11: ='Ringkasan Bulanan'!E3 | F11: ='Ringkasan Bulanan'!F3
A12: ='Ringkasan Bulanan'!A4 | B12: ='Ringkasan Bulanan'!B4 | C12: ='Ringkasan Bulanan'!C4 | D12: ='Ringkasan Bulanan'!D4 | E12: ='Ringkasan Bulanan'!E4 | F12: ='Ringkasan Bulanan'!F4
A13: ='Ringkasan Bulanan'!A5 | B13: ='Ringkasan Bulanan'!B5 | C13: ='Ringkasan Bulanan'!C5 | D13: ='Ringkasan Bulanan'!D5 | E13: ='Ringkasan Bulanan'!E5 | F13: ='Ringkasan Bulanan'!F5
A14: ='Ringkasan Bulanan'!A6 | B14: ='Ringkasan Bulanan'!B6 | C14: ='Ringkasan Bulanan'!C6 | D14: ='Ringkasan Bulanan'!D6 | E14: ='Ringkasan Bulanan'!E6 | F14: ='Ringkasan Bulanan'!F6
A15: ='Ringkasan Bulanan'!A7 | B15: ='Ringkasan Bulanan'!B7 | C15: ='Ringkasan Bulanan'!C7 | D15: ='Ringkasan Bulanan'!D7 | E15: ='Ringkasan Bulanan'!E7 | F15: ='Ringkasan Bulanan'!F7
A16: ='Ringkasan Bulanan'!A8 | B16: ='Ringkasan Bulanan'!B8 | C16: ='Ringkasan Bulanan'!C8 | D16: ='Ringkasan Bulanan'!D8 | E16: ='Ringkasan Bulanan'!E8 | F16: ='Ringkasan Bulanan'!F8
A17: ='Ringkasan Bulanan'!A9 | B17: ='Ringkasan Bulanan'!B9 | C17: ='Ringkasan Bulanan'!C9 | D17: ='Ringkasan Bulanan'!D9 | E17: ='Ringkasan Bulanan'!E9 | F17: ='Ringkasan Bulanan'!F9
A18: ='Ringkasan Bulanan'!A10 | B18: ='Ringkasan Bulanan'!B10 | C18: ='Ringkasan Bulanan'!C10 | D18: ='Ringkasan Bulanan'!D10 | E18: ='Ringkasan Bulanan'!E10 | F18: ='Ringkasan Bulanan'!F10
A19: ='Ringkasan Bulanan'!A11 | B19: ='Ringkasan Bulanan'!B11 | C19: ='Ringkasan Bulanan'!C11 | D19: ='Ringkasan Bulanan'!D11 | E19: ='Ringkasan Bulanan'!E11 | F19: ='Ringkasan Bulanan'!F11
A20: ='Ringkasan Bulanan'!A12 | B20: ='Ringkasan Bulanan'!B12 | C20: ='Ringkasan Bulanan'!C12 | D20: ='Ringkasan Bulanan'!D12 | E20: ='Ringkasan Bulanan'!E12 | F20: ='Ringkasan Bulanan'!F12
A21: ='Ringkasan Bulanan'!A13 | B21: ='Ringkasan Bulanan'!B13 | C21: ='Ringkasan Bulanan'!C13 | D21: ='Ringkasan Bulanan'!D13 | E21: ='Ringkasan Bulanan'!E13 | F21: ='Ringkasan Bulanan'!F13
A40: Catatan: seluruh data harian pada file ini merupakan DATA SIMULASI, bukan pengamatan resmi BMKG. Gunakan untuk latihan pembuatan dashboard; jangan menyajikannya sebagai data observasi nyata.
A58: Catatan: Dataset curah hujan dan kondisi atmosfer ini merupakan data simulasi untuk latihan analisis, bukan data observasi resmi.

Sheet Data
A1: Tanggal | B1: Lokasi | C1: Curah Hujan (mm) | D1: Suhu Udara (°C) | E1: Kelembapan (%) | F1: Kecepatan Angin (m/s) | G1: Kategori Hujan
A2: 45658 | B2: Parepare | C2: 0 | D2: 27.6 | E2: 79 | F2: 1.9 | G2: Tidak hujan
A3: 45659 | B3: Parepare | C3: 4 | D3: 26.5 | E3: 73 | F3: 2.1 | G3: Ringan
A4: 45660 | B4: Parepare | C4: 0 | D4: 27.8 | E4: 76 | F4: 3.9 | G4: Tidak hujan
A5: 45661 | B5: Parepare | C5: 10.6 | D5: 24.7 | E5: 79 | F5: 2.7 | G5: Sedang
A6: 45662 | B6: Parepare | C6: 56.4 | D6: 27.3 | E6: 90 | F6: 3.5 | G6: Lebat
A7: 45663 | B7: Parepare | C7: 0 | D7: 25.2 | E7: 63 | F7: 2.7 | G7: Tidak hujan
A8: 45664 | B8: Parepare | C8: 0 | D8: 28 | E8: 70 | F8: 2.5 | G8: Tidak hujan
A9: 45665 | B9: Parepare | C9: 23.3 | D9: 24.9 | E9: 73 | F9: 4.2 | G9: Lebat
A10: 45666 | B10: Parepare | C10: 10.8 | D10: 27.7 | E10: 88 | F10: 3.1 | G10: Sedang
A11: 45667 | B11: Parepare | C11: 2 | D11: 28 | E11: 72 | F11: 2.2 | G11: Ringan
A12: 45668 | B12: Parepare | C12: 3.3 | D12: 28.1 | E12: 84 | F12: 3.1 | G12: Ringan
A13: 45669 | B13: Parepare | C13: 0 | D13: 26.9 | E13: 77 | F13: 1.6 | G13: Tidak hujan
... A366: 46022 | B366: Parepare | C366: 0 | D366: 28.4 | E366: 78 | F366: 2.5 | G366: Tidak hujan

Sheet Ringkasan Bulanan
A1: Bulan | B1: Total Curah Hujan (mm) | C1: Rata-rata Suhu (°C) | D1: Rata-rata Kelembapan (%) | E1: Hari Hujan | F1: Curah Hujan Maksimum (mm)
A2: Jan | B2: =SUMIFS(Data!$C$2:$C$366,Data!$A$2:$A$366,">="&DATE(2025,1,1),Data!$A$2:$A$366,"<"&EDATE(DATE(2025,1,1),1)) | C2: =AVERAGEIFS(Data!$D$2:$D$366,Data!$A$2:$A$366,">="&DATE(2025,1,1),Data!$A$2:$A$366,"<"&EDATE(DATE(2025,1,1),1)) | D2: =AVERAGEIFS(Data!$E$2:$E$366,Data!$A$2:$A$366,">="&DATE(2025,1,1),Data!$A$2:$A$366,"<"&EDATE(DATE(2025,1,1),1)) | E2: =COUNTIFS(Data!$A$2:$A$366,">="&DATE(2025,1,1),Data!$A$2:$A$366,"<"&EDATE(DATE(2025,1,1),1),Data!$C$2:$C$366,">0") | F2: 56.4
A3: Feb | B3: =SUMIFS(Data!$C$2:$C$366,Data!$A$2:$A$366,">="&DATE(2025,2,1),Data!$A$2:$A$366,"<"&EDATE(DATE(2025,2,1),1)) | C3: =AVERAGEIFS(Data!$D$2:$D$366,Data!$A$2:$A$366,">="&DATE(2025,2,1),Data!$A$2:$A$366,"<"&EDATE(DATE(2025,2,1),1)) | D3: =AVERAGEIFS(Data!$E$2:$E$366,Data!$A$2:$A$366,">="&DATE(2025,2,1),Data!$A$2:$A$366,"<"&EDATE(DATE(2025,2,1),1)) | E3: =COUNTIFS(Data!$A$2:$A$366,">="&DATE(2025,2,1),Data!$A$2:$A$366,"<"&EDATE(DATE(2025,2,1),1),Data!$C$2:$C$366,">0") | F3: 71.5
A4: Mar | B4: =SUMIFS(Data!$C$2:$C$366,Data!$A$2:$A$366,">="&DATE(2025,3,1),Data!$A$2:$A$366,"<"&EDATE(DATE(2025,3,1),1)) | C4: =AVERAGEIFS(Data!$D$2:$D$366,Data!$A$2:$A$366,">="&DATE(2025,3,1),Data!$A$2:$A$366,"<"&EDATE(DATE(2025,3,1),1)) | D4: =AVERAGEIFS(Data!$E$2:$E$366,Data!$A$2:$A$366,">="&DATE(2025,3,1),Data!$A$2:$A$366,"<"&EDATE(DATE(2025,3,1),1)) | E4: =COUNTIFS(Data!$A$2:$A$366,">="&DATE(2025,3,1),Data!$A$2:$A$366,"<"&EDATE(DATE(2025,3,1),1),Data!$C$2:$C$366,">0") | F4: 81.9
A5: Apr | B5: =SUMIFS(Data!$C$2:$C$366,Data!$A$2:$A$366,">="&DATE(2025,4,1),Data!$A$2:$A$366,"<"&EDATE(DATE(2025,4,1),1)) | C5: =AVERAGEIFS(Data!$D$2:$D$366,Data!$A$2:$A$366,">="&DATE(2025,4,1),Data!$A$2:$A$366,"<"&EDATE(DATE(2025,4,1),1)) | D5: =AVERAGEIFS(Data!$E$2:$E$366,Data!$A$2:$A$366,">="&DATE(2025,4,1),Data!$A$2:$A$366,"<"&EDATE(DATE(2025,4,1),1)) | E5: =COUNTIFS(Data!$A$2:$A$366,">="&DATE(2025,4,1),Data!$A$2:$A$366,"<"&EDATE(DATE(2025,4,1),1),Data!$C$2:$C$366,">0") | F5: 33.2
A6: Mei | B6: =SUMIFS(Data!$C$2:$C$366,Data!$A$2:$A$366,">="&DATE(2025,5,1),Data!$A$2:$A$366,"<"&EDATE(DATE(2025,5,1),1)) | C6: =AVERAGEIFS(Data!$D$2:$D$366,Data!$A$2:$A$366,">="&DATE(2025,5,1),Data!$A$2:$A$366,"<"&EDATE(DATE(2025,5,1),1)) | D6: =AVERAGEIFS(Data!$E$2:$E$366,Data!$A$2:$A$366,">="&DATE(2025,5,1),Data!$A$2:$A$366,"<"&EDATE(DATE(2025,5,1),1)) | E6: =COUNTIFS(Data!$A$2:$A$366,">="&DATE(2025,5,1),Data!$A$2:$A$366,"<"&EDATE(DATE(2025,5,1),1),Data!$C$2:$C$366,">0") | F6: 31.9
A7: Jun | B7: =SUMIFS(Data!$C$2:$C$366,Data!$A$2:$A$366,">="&DATE(2025,6,1),Data!$A$2:$A$366,"<"&EDATE(DATE(2025,6,1),1)) | C7: =AVERAGEIFS(Data!$D$2:$D$366,Data!$A$2:$A$366,">="&DATE(2025,6,1),Data!$A$2:$A$366,"<"&EDATE(DATE(2025,6,1),1)) | D7: =AVERAGEIFS(Data!$E$2:$E$366,Data!$A$2:$A$366,">="&DATE(2025,6,1),Data!$A$2:$A$366,"<"&EDATE(DATE(2025,6,1),1)) | E7: =COUNTIFS(Data!$A$2:$A$366,">="&DATE(2025,6,1),Data!$A$2:$A$366,"<"&EDATE(DATE(2025,6,1),1),Data!$C$2:$C$366,">0") | F7: 17.1
A8: Jul | B8: =SUMIFS(Data!$C$2:$C$366,Data!$A$2:$A$366,">="&DATE(2025,7,1),Data!$A$2:$A$366,"<"&EDATE(DATE(2025,7,1),1)) | C8: =AVERAGEIFS(Data!$D$2:$D$366,Data!$A$2:$A$366,">="&DATE(2025,7,1),Data!$A$2:$A$366,"<"&EDATE(DATE(2025,7,1),1)) | D8: =AVERAGEIFS(Data!$E$2:$E$366,Data!$A$2:$A$366,">="&DATE(2025,7,1),Data!$A$2:$A$366,"<"&EDATE(DATE(2025,7,1),1)) | E8: =COUNTIFS(Data!$A$2:$A$366,">="&DATE(2025,7,1),Data!$A$2:$A$366,"<"&EDATE(DATE(2025,7,1),1),Data!$C$2:$C$366,">0") | F8: 22.9
A9: Agu | B9: =SUMIFS(Data!$C$2:$C$366,Data!$A$2:$A$366,">="&DATE(2025,8,1),Data!$A$2:$A$366,"<"&EDATE(DATE(2025,8,1),1)) | C9: =AVERAGEIFS(Data!$D$2:$D$366,Data!$A$2:$A$366,">="&DATE(2025,8,1),Data!$A$2:$A$366,"<"&EDATE(DATE(2025,8,1),1)) | D9: =AVERAGEIFS(Data!$E$2:$E$366,Data!$A$2:$A$366,">="&DATE(2025,8,1),Data!$A$2:$A$366,"<"&EDATE(DATE(2025,8,1),1)) | E9: =COUNTIFS(Data!$A$2:$A$366,">="&DATE(2025,8,1),Data!$A$2:$A$366,"<"&EDATE(DATE(2025,8,1),1),Data!$C$2:$C$366,">0") | F9: 21.7
A10: Sep | B10: =SUMIFS(Data!$C$2:$C$366,Data!$A$2:$A$366,">="&DATE(2025,9,1),Data!$A$2:$A$366,"<"&EDATE(DATE(2025,9,1),1)) | C10: =AVERAGEIFS(Data!$D$2:$D$366,Data!$A$2:$A$366,">="&DATE(2025,9,1),Data!$A$2:$A$366,"<"&EDATE(DATE(2025,9,1),1)) | D10: =AVERAGEIFS(Data!$E$2:$E$366,Data!$A$2:$A$366,">="&DATE(2025,9,1),Data!$A$2:$A$366,"<"&EDATE(DATE(2025,9,1),1)) | E10: =COUNTIFS(Data!$A$2:$A$366,">="&DATE(2025,9,1),Data!$A$2:$A$366,"<"&EDATE(DATE(2025,9,1),1),Data!$C$2:$C$366,">0") | F10: 65.3
A11: Okt | B11: =SUMIFS(Data!$C$2:$C$366,Data!$A$2:$A$366,">="&DATE(2025,10,1),Data!$A$2:$A$366,"<"&EDATE(DATE(2025,10,1),1)) | C11: =AVERAGEIFS(Data!$D$2:$D$366,Data!$A$2:$A$366,">="&DATE(2025,10,1),Data!$A$2:$A$366,"<"&EDATE(DATE(2025,10,1),1)) | D11: =AVERAGEIFS(Data!$E$2:$E$366,Data!$A$2:$A$366,">="&DATE(2025,10,1),Data!$A$2:$A$366,"<"&EDATE(DATE(2025,10,1),1)) | E11: =COUNTIFS(Data!$A$2:$A$366,">="&DATE(2025,10,1),Data!$A$2:$A$366,"<"&EDATE(DATE(2025,10,1),1),Data!$C$2:$C$366,">0") | F11: 39.8
A12: Nov | B12: =SUMIFS(Data!$C$2:$C$366,Data!$A$2:$A$366,">="&DATE(2025,11,1),Data!$A$2:$A$366,"<"&EDATE(DATE(2025,11,1),1)) | C12: =AVERAGEIFS(Data!$D$2:$D$366,Data!$A$2:$A$366,">="&DATE(2025,11,1),Data!$A$2:$A$366,"<"&EDATE(DATE(2025,11,1),1)) | D12: =AVERAGEIFS(Data!$E$2:$E$366,Data!$A$2:$A$366,">="&DATE(2025,11,1),Data!$A$2:$A$366,"<"&EDATE(DATE(2025,11,1),1)) | E12: =COUNTIFS(Data!$A$2:$A$366,">="&DATE(2025,11,1),Data!$A$2:$A$366,"<"&EDATE(DATE(2025,11,1),1),Data!$C$2:$C$366,">0") | F12: 45.9
A13: Des | B13: =SUMIFS(Data!$C$2:$C$366,Data!$A$2:$A$366,">="&DATE(2025,12,1),Data!$A$2:$A$366,"<"&EDATE(DATE(2025,12,1),1)) | C13: =AVERAGEIFS(Data!$D$2:$D$366,Data!$A$2:$A$366,">="&DATE(2025,12,1),Data!$A$2:$A$366,"<"&EDATE(DATE(2025,12,1),1)) | D13: =AVERAGEIFS(Data!$E$2:$E$366,Data!$A$2:$A$366,">="&DATE(2025,12,1),Data!$A$2:$A$366,"<"&EDATE(DATE(2025,12,1),1)) | E13: =COUNTIFS(Data!$A$2:$A$366,">="&DATE(2025,12,1),Data!$A$2:$A$366,"<"&EDATE(DATE(2025,12,1),1),Data!$C$2:$C$366,">0") | F13: 52.9
